is there a better route	is there a better route	[IN:UPDATE_DIRECTIONS is there a better route ]
Choose a shorter route	Choose a shorter route	[IN:UPDATE_DIRECTIONS Choose a shorter route ]
alternate route to bypass traffic	alternate route to bypass traffic	[IN:UPDATE_DIRECTIONS alternate route to bypass [SL:OBSTRUCTION_AVOID traffic ] ]
what is an alternate route	what is an alternate route	[IN:UPDATE_DIRECTIONS what is an alternate route ]
IS THERE ANOTHER ROAD I CAN TAKE RIGHT NOW WITH NO TRAFFIC CONGESTION	IS THERE ANOTHER ROAD I CAN TAKE RIGHT NOW WITH NO TRAFFIC CONGESTION	[IN:UPDATE_DIRECTIONS IS THERE ANOTHER ROAD I CAN TAKE [SL:DATE_TIME_DEPARTURE RIGHT NOW ] WITH NO [SL:OBSTRUCTION_AVOID TRAFFIC CONGESTION ] ]
what is an alternate route i could go	what is an alternate route i could go	[IN:UPDATE_DIRECTIONS what is an alternate route i could go ]
Is there another route that I can take, that will get me to Portland by noon, if I leave by 9?	Is there another route that I can take , that will get me to Portland by noon , if I leave by 9 ?	[IN:UPDATE_DIRECTIONS Is there another route that I can take , that will get me to [SL:DESTINATION Portland ] [SL:DATE_TIME_ARRIVAL by noon ] , if I leave [SL:DATE_TIME_DEPARTURE by 9 ] ? ]
alternative route to home	alternative route to home	[IN:UPDATE_DIRECTIONS [SL:PATH alternative route ] to [SL:DESTINATION [IN:GET_LOCATION_HOME home ] ] ]
Can you re-route me to D.I.A	Can you re - route me to D.I.A	[IN:UPDATE_DIRECTIONS Can you re - route me to [SL:DESTINATION [IN:GET_LOCATION [SL:POINT_ON_MAP D.I.A ] ] ] ]
freeway with less traffic	freeway with less traffic	[IN:UPDATE_DIRECTIONS [SL:PATH freeway ] with less [SL:OBSTRUCTION_AVOID traffic ] ]
Is there a quicker way home from work that avoids construction?	Is there a quicker way home from work that avoids construction ?	[IN:UPDATE_DIRECTIONS Is there a quicker way [SL:DESTINATION [IN:GET_LOCATION_HOME home ] ] from [SL:SOURCE [IN:GET_LOCATION_WORK work ] ] that avoids [SL:OBSTRUCTION_AVOID construction ] ? ]
what are my alternate routes	what are my alternate routes	[IN:UPDATE_DIRECTIONS what are my alternate routes ]
take me a different route	take me a different route	[IN:UPDATE_DIRECTIONS take me a different route ]
Can you route me around any highways	Can you route me around any highways	[IN:UPDATE_DIRECTIONS Can you route me around any [SL:PATH_AVOID highways ] ]
Alternative route to Durham from I40	Alternative route to Durham from I40	[IN:UPDATE_DIRECTIONS Alternative route to [SL:DESTINATION Durham ] from [SL:SOURCE I40 ] ]
Alternate routes available	Alternate routes available	[IN:UPDATE_DIRECTIONS Alternate routes available ]
Alternate routes to avoid the 110 please	Alternate routes to avoid the 110 please	[IN:UPDATE_DIRECTIONS Alternate routes to avoid [SL:PATH_AVOID the 110 ] please ]
Alternate route to avoid traffic	Alternate route to avoid traffic	[IN:UPDATE_DIRECTIONS Alternate route to avoid [SL:OBSTRUCTION_AVOID traffic ] ]
Is there a different exit I can take to avoid traffic	Is there a different exit I can take to avoid traffic	[IN:UPDATE_DIRECTIONS Is there a different exit I can take to avoid [SL:OBSTRUCTION_AVOID traffic ] ]
Avoid all tolls on route	Avoid all tolls on route	[IN:UPDATE_DIRECTIONS Avoid all [SL:PATH_AVOID tolls ] on route ]
reroute interstate only	reroute interstate only	[IN:UPDATE_DIRECTIONS reroute [SL:PATH [IN:GET_LOCATION [SL:CATEGORY_LOCATION interstate ] ] ] only ]
What is an alternate route to avoid traffic on my way home	What is an alternate route to avoid traffic on my way home	[IN:UPDATE_DIRECTIONS What is an alternate route to avoid [SL:OBSTRUCTION_AVOID traffic ] on my way [SL:DESTINATION [IN:GET_LOCATION_HOME home ] ] ]
Avoid expressways	Avoid expressways	[IN:UPDATE_DIRECTIONS Avoid [SL:PATH_AVOID expressways ] ]
Should I take a different route home	Should I take a different route home	[IN:UPDATE_DIRECTIONS Should I take a different route [SL:DESTINATION [IN:GET_LOCATION_HOME home ] ] ]
reroute to hospital	reroute to hospital	[IN:UPDATE_DIRECTIONS reroute to [SL:DESTINATION [IN:GET_LOCATION [SL:CATEGORY_LOCATION hospital ] ] ] ]
please,  show me another way to get home	please , show me another way to get home	[IN:UPDATE_DIRECTIONS please , show me another way to get [SL:DESTINATION [IN:GET_LOCATION_HOME home ] ] ]
Is there another route I can take	Is there another route I can take	[IN:UPDATE_DIRECTIONS Is there another route I can take ]
Any shortcuts to Suwanee	Any shortcuts to Suwanee	[IN:UPDATE_DIRECTIONS Any shortcuts to [SL:DESTINATION Suwanee ] ]
alternate route to Sugar Grove	alternate route to Sugar Grove	[IN:UPDATE_DIRECTIONS alternate route to [SL:DESTINATION Sugar Grove ] ]
Alternate routes to work	Alternate routes to work	[IN:UPDATE_DIRECTIONS Alternate routes to [SL:DESTINATION [IN:GET_LOCATION_WORK work ] ] ]
Alternate routes	Alternate routes	[IN:UPDATE_DIRECTIONS Alternate routes ]
Find route with less traffic	Find route with less traffic	[IN:UPDATE_DIRECTIONS Find route with less [SL:OBSTRUCTION_AVOID traffic ] ]
is there a different route to the coliseum	is there a different route to the coliseum	[IN:UPDATE_DIRECTIONS is there a different route to [SL:DESTINATION [IN:GET_LOCATION [SL:CATEGORY_LOCATION the coliseum ] ] ] ]
is there another way go to my house	is there another way go to my house	[IN:UPDATE_DIRECTIONS is there another way go to [SL:DESTINATION [IN:GET_LOCATION_HOME [SL:CONTACT my ] house ] ] ]
take a shorter route to avoid traffic	take a shorter route to avoid traffic	[IN:UPDATE_DIRECTIONS take a shorter route to avoid [SL:OBSTRUCTION_AVOID traffic ] ]
find a faster route	find a faster route	[IN:UPDATE_DIRECTIONS find a faster route ]
Is there an alternate route so I can get out of this traffic	Is there an alternate route so I can get out of this traffic	[IN:UPDATE_DIRECTIONS Is there an alternate route so I can get out of [SL:OBSTRUCTION_AVOID this traffic ] ]
Please show me alternative routes to Northeast Pediatrics Associates without freeway.	Please show me alternative routes to Northeast Pediatrics Associates without freeway .	[IN:UPDATE_DIRECTIONS Please show me alternative routes to [SL:DESTINATION [IN:GET_LOCATION [SL:POINT_ON_MAP Northeast Pediatrics Associates ] ] ] without [SL:PATH_AVOID [IN:GET_LOCATION [SL:CATEGORY_LOCATION freeway ] ] ] . ]
Find alternate route	Find alternate route	[IN:UPDATE_DIRECTIONS Find alternate route ]
Is there a different route to avoid traffic	Is there a different route to avoid traffic	[IN:UPDATE_DIRECTIONS Is there a different route to avoid [SL:OBSTRUCTION_AVOID traffic ] ]
Is there a different route past the traffic backed up	Is there a different route past the traffic backed up	[IN:UPDATE_DIRECTIONS Is there a different route past [SL:OBSTRUCTION_AVOID the traffic ] backed up ]
What is an alternative route to get to the beach to avoid the traffic	What is an alternative route to get to the beach to avoid the traffic	[IN:UPDATE_DIRECTIONS What is an alternative route to get to [SL:DESTINATION [IN:GET_LOCATION [SL:CATEGORY_LOCATION the beach ] ] ] to avoid [SL:OBSTRUCTION_AVOID the traffic ] ]
what's an alternate route to the beach	what 's an alternate route to the beach	[IN:UPDATE_DIRECTIONS what 's an alternate route to [SL:DESTINATION [IN:GET_LOCATION [SL:CATEGORY_LOCATION the beach ] ] ] ]
Set a stop to the gas station on the way to work	Set a stop to the gas station on the way to work	[IN:UPDATE_DIRECTIONS Set a stop to [SL:WAYPOINT_ADDED [IN:GET_LOCATION [SL:CATEGORY_LOCATION the gas station ] ] ] on the way to [SL:DESTINATION [IN:GET_LOCATION_WORK work ] ] ]
is there a faster route I can take	is there a faster route I can take	[IN:UPDATE_DIRECTIONS is there a faster route I can take ]
Are there any alternate routes to work that are faster?	Are there any alternate routes to work that are faster ?	[IN:UPDATE_DIRECTIONS Are there any alternate routes to [SL:DESTINATION [IN:GET_LOCATION_WORK work ] ] that are faster ? ]
Help me plan an alternate route that avoids all construction delays on the major highways.	Help me plan an alternate route that avoids all construction delays on the major highways .	[IN:UPDATE_DIRECTIONS Help me plan an alternate route that avoids all [SL:OBSTRUCTION_AVOID construction delays ] on [SL:PATH [IN:GET_LOCATION [SL:CATEGORY_LOCATION the major highways ] ] ] . ]
Is there an alternative route other and i694 to Jill and Bruce's?	Is there an alternative route other and i694 to Jill and Bruce 's ?	[IN:UPDATE_DIRECTIONS Is there an alternative route other and [SL:PATH_AVOID i694 ] to [SL:DESTINATION [IN:GET_LOCATION_HOME [SL:CONTACT Jill ] and [SL:CONTACT Bruce ] ] ] 's ? ]
how can I avoid construction traffic	how can I avoid construction traffic	[IN:UPDATE_DIRECTIONS how can I avoid [SL:OBSTRUCTION_AVOID construction traffic ] ]
please avoid the tollway when giving me my route	please avoid the tollway when giving me my route	[IN:UPDATE_DIRECTIONS please avoid [SL:PATH_AVOID [IN:GET_LOCATION [SL:CATEGORY_LOCATION the tollway ] ] ] when giving me my route ]
can you provide an alternate route	can you provide an alternate route	[IN:UPDATE_DIRECTIONS can you provide an alternate route ]
alternate route home	alternate route home	[IN:UPDATE_DIRECTIONS alternate route [SL:DESTINATION [IN:GET_LOCATION_HOME home ] ] ]
Is there a different route to get passed traffic	Is there a different route to get passed traffic	[IN:UPDATE_DIRECTIONS Is there a different route to get passed [SL:OBSTRUCTION_AVOID traffic ] ]
Is there a different way home with less traffic	Is there a different way home with less traffic	[IN:UPDATE_DIRECTIONS Is there a different way [SL:DESTINATION [IN:GET_LOCATION_HOME home ] ] with less [SL:OBSTRUCTION_AVOID traffic ] ]
Is there a better route that I can take with no traffic	Is there a better route that I can take with no traffic	[IN:UPDATE_DIRECTIONS Is there a better route that I can take with no [SL:OBSTRUCTION_AVOID traffic ] ]
Can I get around the heavy traffic	Can I get around the heavy traffic	[IN:UPDATE_DIRECTIONS Can I get around the heavy [SL:OBSTRUCTION_AVOID traffic ] ]
Big accident up ahead.  Reroute me to my destination	Big accident up ahead . Reroute me to my destination	[IN:UPDATE_DIRECTIONS Big [SL:OBSTRUCTION_AVOID accident ] up ahead . Reroute me to [SL:DESTINATION my destination ] ]
Can you navigate around the traffic	Can you navigate around the traffic	[IN:UPDATE_DIRECTIONS Can you navigate around [SL:OBSTRUCTION_AVOID the traffic ] ]
Is there a way around this traffic	Is there a way around this traffic	[IN:UPDATE_DIRECTIONS Is there a way around [SL:OBSTRUCTION_AVOID this traffic ] ]
Show me a faster route	Show me a faster route	[IN:UPDATE_DIRECTIONS Show me a faster route ]
What is the best alternate route to get to work	What is the best alternate route to get to work	[IN:UPDATE_DIRECTIONS What is the best alternate route to get to [SL:DESTINATION [IN:GET_LOCATION_WORK work ] ] ]
please reroute using the fastest route	please reroute using the fastest route	[IN:UPDATE_DIRECTIONS please reroute using the fastest route ]
Alternate route please	Alternate route please	[IN:UPDATE_DIRECTIONS Alternate route please ]
show me alternative routes for walmart	show me alternative routes for walmart	[IN:UPDATE_DIRECTIONS show me alternative routes for [SL:DESTINATION [IN:GET_LOCATION [SL:POINT_ON_MAP walmart ] ] ] ]
give me an alternate route with less traffic	give me an alternate route with less traffic	[IN:UPDATE_DIRECTIONS give me an alternate route with less [SL:OBSTRUCTION_AVOID traffic ] ]
Is there a shortcut around the construction zone	Is there a shortcut around the construction zone	[IN:UPDATE_DIRECTIONS Is there a shortcut around [SL:OBSTRUCTION_AVOID the construction zone ] ]
Is there an alternate route with less traffic	Is there an alternate route with less traffic	[IN:UPDATE_DIRECTIONS Is there an alternate route with less [SL:OBSTRUCTION_AVOID traffic ] ]
Show me an alternate route	Show me an alternate route	[IN:UPDATE_DIRECTIONS Show me an alternate route ]
Avoid construction	Avoid construction	[IN:UPDATE_DIRECTIONS Avoid [SL:OBSTRUCTION_AVOID construction ] ]
Is there a route with less traffic	Is there a route with less traffic	[IN:UPDATE_DIRECTIONS Is there a route with less [SL:OBSTRUCTION_AVOID traffic ] ]
Is there a better way home	Is there a better way home	[IN:UPDATE_DIRECTIONS Is there a better way [SL:DESTINATION [IN:GET_LOCATION_HOME home ] ] ]
Any re-route suggestions	Any re - route suggestions	[IN:UPDATE_DIRECTIONS Any re - route suggestions ]
alternate route	alternate route	[IN:UPDATE_DIRECTIONS alternate route ]
find me an alternate route to the office	find me an alternate route to the office	[IN:UPDATE_DIRECTIONS find me an alternate route to [SL:DESTINATION [IN:GET_LOCATION_WORK the office ] ] ]
Give me a less traffic alternative than Keystone Ave	Give me a less traffic alternative than Keystone Ave	[IN:UPDATE_DIRECTIONS Give me a less [SL:OBSTRUCTION_AVOID traffic ] alternative than [SL:PATH_AVOID Keystone Ave ] ]
Reroute me around accidents	Reroute me around accidents	[IN:UPDATE_DIRECTIONS Reroute me around [SL:OBSTRUCTION_AVOID accidents ] ]
Is there a longer route	Is there a longer route	[IN:UPDATE_DIRECTIONS Is there a longer route ]
Is there any other way to get to school without tolls	Is there any other way to get to school without tolls	[IN:UPDATE_DIRECTIONS Is there any other way to get to [SL:DESTINATION [IN:GET_LOCATION_SCHOOL school ] ] without [SL:PATH_AVOID tolls ] ]
Offer me another route	Offer me another route	[IN:UPDATE_DIRECTIONS Offer me another route ]
is there another route	is there another route	[IN:UPDATE_DIRECTIONS is there another route ]
give me another route to avoid traffic	give me another route to avoid traffic	[IN:UPDATE_DIRECTIONS give me another route to avoid [SL:OBSTRUCTION_AVOID traffic ] ]
find alternative route home	find alternative route home	[IN:UPDATE_DIRECTIONS find alternative route [SL:DESTINATION [IN:GET_LOCATION_HOME home ] ] ]
can i continue on my route another way using only state roads and county roads	can i continue on my route another way using only state roads and county roads	[IN:UPDATE_DIRECTIONS can i continue on my route another way using only [SL:PATH [IN:GET_LOCATION [SL:CATEGORY_LOCATION state roads ] ] ] and [SL:PATH [IN:GET_LOCATION [SL:CATEGORY_LOCATION county roads ] ] ] ]
Add a gas stop to my route	Add a gas stop to my route	[IN:UPDATE_DIRECTIONS Add a [SL:WAYPOINT_ADDED [IN:GET_LOCATION [SL:CATEGORY_LOCATION gas stop ] ] ] to my route ]
Avoid major traffic delays	Avoid major traffic delays	[IN:UPDATE_DIRECTIONS Avoid major [SL:OBSTRUCTION_AVOID traffic delays ] ]
Is there an alternate route to the bank	Is there an alternate route to the bank	[IN:UPDATE_DIRECTIONS Is there an alternate route to [SL:DESTINATION [IN:GET_LOCATION [SL:CATEGORY_LOCATION the bank ] ] ] ]
Are there any detours to avoid the West Side Highway?	Are there any detours to avoid the West Side Highway ?	[IN:UPDATE_DIRECTIONS Are there any detours to avoid [SL:PATH_AVOID the West Side Highway ] ? ]
Find best alternate route to avoid traffic	Find best alternate route to avoid traffic	[IN:UPDATE_DIRECTIONS Find best alternate route to avoid [SL:OBSTRUCTION_AVOID traffic ] ]
Send me an alternate route with less traffic	Send me an alternate route with less traffic	[IN:UPDATE_DIRECTIONS Send me an alternate route with less [SL:OBSTRUCTION_AVOID traffic ] ]
is there another route home	is there another route home	[IN:UPDATE_DIRECTIONS is there another route [SL:DESTINATION [IN:GET_LOCATION_HOME home ] ] ]
I'm getting a lot of traffic, can you show me another way to my destination	I'm getting a lot of traffic , can you show me another way to my destination	[IN:UPDATE_DIRECTIONS I'm getting a lot of [SL:OBSTRUCTION_AVOID traffic ] , can you show me another way to [SL:DESTINATION my destination ] ]
Give me a route without detours	Give me a route without detours	[IN:UPDATE_DIRECTIONS Give me a route without [SL:OBSTRUCTION_AVOID detours ] ]
Please get me a new route	Please get me a new route	[IN:UPDATE_DIRECTIONS Please get me a new route ]
Is there a faster way to get to Cuyahoga Valley National park today	Is there a faster way to get to Cuyahoga Valley National park today	[IN:UPDATE_DIRECTIONS Is there a faster way to get to [SL:DESTINATION [IN:GET_LOCATION [SL:POINT_ON_MAP Cuyahoga Valley National park ] ] ] [SL:DATE_TIME_DEPARTURE today ] ]
Alternative routes due to traffic back up	Alternative routes due to traffic back up	[IN:UPDATE_DIRECTIONS Alternative routes due to traffic back up ]
find a better way to school	find a better way to school	[IN:UPDATE_DIRECTIONS find a better way to [SL:DESTINATION [IN:GET_LOCATION_SCHOOL school ] ] ]
Avoid country roads	Avoid country roads	[IN:UPDATE_DIRECTIONS Avoid [SL:PATH_AVOID [IN:GET_LOCATION [SL:CATEGORY_LOCATION country roads ] ] ] ]
What is the fastest alternate route home	What is the fastest alternate route home	[IN:UPDATE_DIRECTIONS What is the fastest alternate route [SL:DESTINATION [IN:GET_LOCATION_HOME home ] ] ]
Are there any alternate routes for me to get to work	Are there any alternate routes for me to get to work	[IN:UPDATE_DIRECTIONS Are there any alternate routes for me to get to [SL:DESTINATION [IN:GET_LOCATION_WORK work ] ] ]
advise new routes to work	advise new routes to work	[IN:UPDATE_DIRECTIONS advise new routes to [SL:DESTINATION [IN:GET_LOCATION_WORK work ] ] ]
When will the street closures be cleared in lower Manhattan today	When will the street closures be cleared in lower Manhattan today	[IN:UNSUPPORTED_NAVIGATION When will the street closures be cleared in lower Manhattan today ]
How much is the toll road	How much is the toll road	[IN:UNSUPPORTED_NAVIGATION How much is the toll road ]
Show me routes that avoid tolls	Show me routes that avoid tolls	[IN:GET_DIRECTIONS Show me routes that avoid [SL:PATH_AVOID tolls ] ]
when does rush hour start	when does rush hour start	[IN:UNSUPPORTED_NAVIGATION when does rush hour start ]
Can I get to Pier 91 by bus?	Can I get to Pier 91 by bus ?	[IN:GET_DIRECTIONS Can I get to [SL:DESTINATION [IN:GET_LOCATION [SL:POINT_ON_MAP Pier 91 ] ] ] by [SL:METHOD_TRAVEL bus ] ? ]
WHAT IS THE BEST ROUTE TO TAKE TO GET TO THE NEW YORK YANKEES STADIUM BY 10 AM	WHAT IS THE BEST ROUTE TO TAKE TO GET TO THE NEW YORK YANKEES STADIUM BY 10 AM	[IN:GET_DIRECTIONS WHAT IS THE BEST ROUTE TO TAKE TO GET TO [SL:DESTINATION [IN:GET_LOCATION [SL:POINT_ON_MAP THE NEW YORK YANKEES STADIUM ] ] ] [SL:DATE_TIME_ARRIVAL BY 10 AM ] ]
How do I get to the Grizzlies game at the Fedex forum?	How do I get to the Grizzlies game at the Fedex forum ?	[IN:GET_DIRECTIONS How do I get to [SL:DESTINATION [IN:GET_EVENT the [SL:NAME_EVENT Grizzlies ] [SL:CATEGORY_EVENT game ] at [SL:LOCATION [IN:GET_LOCATION [SL:POINT_ON_MAP the Fedex forum ] ] ] ] ] ? ]
How many collisions on closet highway in the past week	How many collisions on closet highway in the past week	[IN:UNSUPPORTED_NAVIGATION How many collisions on closet highway in the past week ]
Best route to get to the family picnic at Big 10 Waterpark tomorrow?	Best route to get to the family picnic at Big 10 Waterpark tomorrow ?	[IN:GET_DIRECTIONS Best route to get to [SL:DESTINATION [IN:GET_EVENT [SL:CATEGORY_EVENT the family picnic ] at [SL:LOCATION [IN:GET_LOCATION [SL:POINT_ON_MAP Big 10 Waterpark ] ] ] [SL:DATE_TIME tomorrow ] ] ] ? ]
Quickest way to the Tropicana	Quickest way to the Tropicana	[IN:GET_DIRECTIONS Quickest way to [SL:DESTINATION [IN:GET_LOCATION [SL:POINT_ON_MAP the Tropicana ] ] ] ]
Can I take a bus to the Neshaminy Mall from my house?	Can I take a bus to the Neshaminy Mall from my house ?	[IN:GET_DIRECTIONS Can I take a [SL:METHOD_TRAVEL bus ] to [SL:DESTINATION [IN:GET_LOCATION [SL:POINT_ON_MAP the Neshaminy Mall ] ] ] from [SL:SOURCE [IN:GET_LOCATION_HOME [SL:CONTACT my ] house ] ] ? ]
IS THERE A WAY TO GET TO LOS ANGELES AIRPORT USING BACK ROADS WITH NO DELAYS	IS THERE A WAY TO GET TO LOS ANGELES AIRPORT USING BACK ROADS WITH NO DELAYS	[IN:GET_DIRECTIONS IS THERE A WAY TO GET TO [SL:DESTINATION [IN:GET_LOCATION [SL:POINT_ON_MAP LOS ANGELES AIRPORT ] ] ] USING [SL:PATH BACK ROADS ] WITH NO [SL:OBSTRUCTION_AVOID DELAYS ] ]
What do the police do with Traffic in Newport during the Newport Jazz fest?	What do the police do with Traffic in Newport during the Newport Jazz fest ?	[IN:UNSUPPORTED_NAVIGATION What do the police do with Traffic in Newport during the Newport Jazz fest ? ]
Should I drive or take the subway if I leave now to get to the bar on time for the party?	Should I drive or take the subway if I leave now to get to the bar on time for the party ?	[IN:UNSUPPORTED_NAVIGATION Should I drive or take the subway if I leave now to get to the bar on time for the party ? ]
Is there a route that can get me to the Mohegan Sun in less than two hours	Is there a route that can get me to the Mohegan Sun in less than two hours	[IN:GET_DIRECTIONS Is there a route that can get me to [SL:DESTINATION [IN:GET_LOCATION [SL:POINT_ON_MAP the Mohegan Sun ] ] ] [SL:DATE_TIME_ARRIVAL in less than two hours ] ]
Should I take the BART or should I drive to work today	Should I take the BART or should I drive to work today	[IN:UNSUPPORTED_NAVIGATION Should I take the BART or should I drive to work today ]
directions from mcallen to arlington	directions from mcallen to arlington	[IN:GET_DIRECTIONS directions from [SL:SOURCE mcallen ] to [SL:DESTINATION arlington ] ]
What is the speed limit on Aloma	What is the speed limit on Aloma	[IN:UNSUPPORTED_NAVIGATION What is the speed limit on Aloma ]
Get me to downtown tampa now	Get me to downtown tampa now	[IN:GET_DIRECTIONS Get me to [SL:DESTINATION downtown tampa ] [SL:DATE_TIME_DEPARTURE now ] ]
What is the fastest route to my house	What is the fastest route to my house	[IN:GET_DIRECTIONS What is the fastest route to [SL:DESTINATION [IN:GET_LOCATION_HOME [SL:CONTACT my ] house ] ] ]
Give me two routes to travel to Mount Pleasant in the early afternoon	Give me two routes to travel to Mount Pleasant in the early afternoon	[IN:UNSUPPORTED_NAVIGATION Give me two routes to travel to Mount Pleasant in the early afternoon ]
Will it take less time to get home by car or train?	Will it take less time to get home by car or train ?	[IN:UNSUPPORTED_NAVIGATION Will it take less time to get home by car or train ? ]
what's the place with the most traffic	what 's the place with the most traffic	[IN:UNSUPPORTED_NAVIGATION what 's the place with the most traffic ]
When is the best time to drive from Raleigh, NC to Dewey Beach, Delaware to avoid traffic	When is the best time to drive from Raleigh , NC to Dewey Beach , Delaware to avoid traffic	[IN:UNSUPPORTED_NAVIGATION When is the best time to drive from Raleigh , NC to Dewey Beach , Delaware to avoid traffic ]
how to reach mumbai from delhi asap	how to reach mumbai from delhi asap	[IN:GET_DIRECTIONS how to reach [SL:DESTINATION mumbai ] from [SL:SOURCE delhi ] asap ]
Are there chains required on pass today	Are there chains required on pass today	[IN:UNSUPPORTED_NAVIGATION Are there chains required on pass today ]
Can I get to Asheville faster by taking 59 south or by taking Highway 411 all the way	Can I get to Asheville faster by taking 59 south or by taking Highway 411 all the way	[IN:UNSUPPORTED_NAVIGATION Can I get to Asheville faster by taking 59 south or by taking Highway 411 all the way ]
how do i get to i294 from here	how do i get to i294 from here	[IN:GET_DIRECTIONS how do i get to [SL:DESTINATION i294 ] from [SL:SOURCE [IN:GET_LOCATION [SL:LOCATION_USER here ] ] ] ]
Will you give me automatic updates on any faster routes as I travel from city and states?	Will you give me automatic updates on any faster routes as I travel from city and states ?	[IN:UNSUPPORTED_NAVIGATION Will you give me automatic updates on any faster routes as I travel from city and states ? ]
show me routes avoiding traffic	show me routes avoiding traffic	[IN:GET_DIRECTIONS show me routes avoiding [SL:OBSTRUCTION_AVOID traffic ] ]
Directions to my office	Directions to my office	[IN:GET_DIRECTIONS Directions to [SL:DESTINATION [IN:GET_LOCATION_WORK [SL:CONTACT my ] office ] ] ]
Which route has higher speed limits	Which route has higher speed limits	[IN:UNSUPPORTED_NAVIGATION Which route has higher speed limits ]
Is it quicker to take 96 or Grand River to get to Howell right now?	Is it quicker to take 96 or Grand River to get to Howell right now ?	[IN:UNSUPPORTED_NAVIGATION Is it quicker to take 96 or Grand River to get to Howell right now ? ]
Can zeppis pizza shop get a pizza to my house in 20 minutes	Can zeppis pizza shop get a pizza to my house in 20 minutes	[IN:UNSUPPORTED_NAVIGATION Can zeppis pizza shop get a pizza to my house in 20 minutes ]
Please give me directions to downtown	Please give me directions to downtown	[IN:GET_DIRECTIONS Please give me directions to [SL:DESTINATION downtown ] ]
Directions from Four Seasons Lodge in North Conway, New Hampshire, to Nantasket beach in Hull, Mass?	Directions from Four Seasons Lodge in North Conway , New Hampshire , to Nantasket beach in Hull , Mass ?	[IN:GET_DIRECTIONS Directions from [SL:SOURCE [IN:GET_LOCATION [SL:POINT_ON_MAP Four Seasons Lodge ] in [SL:LOCATION_MODIFIER North Conway , New Hampshire ] ] ] , to [SL:DESTINATION [IN:GET_LOCATION [SL:POINT_ON_MAP Nantasket beach ] in [SL:LOCATION_MODIFIER Hull , Mass ] ] ] ? ]
How many miles is the traffic backed up on the interstate between home and Columbia?	How many miles is the traffic backed up on the interstate between home and Columbia ?	[IN:UNSUPPORTED_NAVIGATION How many miles is the traffic backed up on the interstate between home and Columbia ? ]
Is traffic lighter on the freeway or backroads	Is traffic lighter on the freeway or backroads	[IN:UNSUPPORTED_NAVIGATION Is traffic lighter on the freeway or backroads ]
Will it be faster to drive by car to manhattan or take the train?	Will it be faster to drive by car to manhattan or take the train ?	[IN:UNSUPPORTED_NAVIGATION Will it be faster to drive by car to manhattan or take the train ? ]
What time of day is traffic the worst	What time of day is traffic the worst	[IN:UNSUPPORTED_NAVIGATION What time of day is traffic the worst ]
What is the fastest route from West Palm to Miami	What is the fastest route from West Palm to Miami	[IN:GET_DIRECTIONS What is the fastest route from [SL:SOURCE West Palm ] to [SL:DESTINATION Miami ] ]
how many routes I can choose to go to the airport	how many routes I can choose to go to the airport	[IN:UNSUPPORTED_NAVIGATION how many routes I can choose to go to the airport ]
What is the best route to work this morning to avoid traffic	What is the best route to work this morning to avoid traffic	[IN:GET_DIRECTIONS What is the best route to [SL:DESTINATION [IN:GET_LOCATION_WORK work ] ] [SL:DATE_TIME_DEPARTURE this morning ] to avoid [SL:OBSTRUCTION_AVOID traffic ] ]
What is the worst time of the day for traffic	What is the worst time of the day for traffic	[IN:UNSUPPORTED_NAVIGATION What is the worst time of the day for traffic ]
Avoid Toll ways	Avoid Toll ways	[IN:GET_DIRECTIONS Avoid [SL:PATH_AVOID Toll ways ] ]
Tell me how to get home	Tell me how to get home	[IN:GET_DIRECTIONS Tell me how to get [SL:DESTINATION [IN:GET_LOCATION_HOME home ] ] ]
Is there a bike lane on Smith Street?	Is there a bike lane on Smith Street ?	[IN:UNSUPPORTED_NAVIGATION Is there a bike lane on Smith Street ? ]
after 5 hours of driving show me why i am running late on our schedule	after 5 hours of driving show me why i am running late on our schedule	[IN:UNSUPPORTED_NAVIGATION after 5 hours of driving show me why i am running late on our schedule ]
What's the fastest way home from here to avoid traffic jams	What 's the fastest way home from here to avoid traffic jams	[IN:GET_DIRECTIONS What 's the fastest way [SL:DESTINATION [IN:GET_LOCATION_HOME home ] ] from [SL:SOURCE [IN:GET_LOCATION [SL:LOCATION_USER here ] ] ] to avoid [SL:OBSTRUCTION_AVOID traffic jams ] ]
Which way should I take to avoid traffic	Which way should I take to avoid traffic	[IN:GET_DIRECTIONS Which way should I take to avoid [SL:OBSTRUCTION_AVOID traffic ] ]
At what time is the traffic heaviest on the approach to the Tappan Zee Bridge for the Clearwater Festival?	At what time is the traffic heaviest on the approach to the Tappan Zee Bridge for the Clearwater Festival ?	[IN:UNSUPPORTED_NAVIGATION At what time is the traffic heaviest on the approach to the Tappan Zee Bridge for the Clearwater Festival ? ]
What time of day will traffic be heaviest in Chicago	What time of day will traffic be heaviest in Chicago	[IN:UNSUPPORTED_NAVIGATION What time of day will traffic be heaviest in Chicago ]
What time is the traffic heaviest in Colorado Springs	What time is the traffic heaviest in Colorado Springs	[IN:UNSUPPORTED_NAVIGATION What time is the traffic heaviest in Colorado Springs ]
Will it take longer to get to downtown Atlanta by bus or car?	Will it take longer to get to downtown Atlanta by bus or car ?	[IN:UNSUPPORTED_NAVIGATION Will it take longer to get to downtown Atlanta by bus or car ? ]
is it quicker to take interstate 5 or 99 at the moment	is it quicker to take interstate 5 or 99 at the moment	[IN:UNSUPPORTED_NAVIGATION is it quicker to take interstate 5 or 99 at the moment ]
Is there a good way to get from here to the Joanns on Market st in less than 10 minutes?	Is there a good way to get from here to the Joanns on Market st in less than 10 minutes ?	[IN:GET_DIRECTIONS Is there a good way to get from [SL:SOURCE [IN:GET_LOCATION [SL:LOCATION_USER here ] ] ] to [SL:DESTINATION [IN:GET_LOCATION [SL:POINT_ON_MAP the Joanns ] on [SL:LOCATION_MODIFIER Market st ] ] ] [SL:DATE_TIME_ARRIVAL in less than 10 minutes ] ? ]
Directions to Sunrise Nursing Home in Mount Vernon, NY.	Directions to Sunrise Nursing Home in Mount Vernon , NY .	[IN:GET_DIRECTIONS Directions to [SL:DESTINATION [IN:GET_LOCATION [SL:POINT_ON_MAP Sunrise Nursing Home ] in [SL:LOCATION_MODIFIER Mount Vernon , NY ] ] ] . ]
Can you give me directions from here to the Renaissance Faire in Concord?	Can you give me directions from here to the Renaissance Faire in Concord ?	[IN:GET_DIRECTIONS Can you give me directions from [SL:SOURCE [IN:GET_LOCATION [SL:LOCATION_USER here ] ] ] to [SL:DESTINATION [IN:GET_EVENT [SL:CATEGORY_EVENT the Renaissance Faire ] in [SL:LOCATION Concord ] ] ] ? ]
What street will take me straight to Central Park by 4 pm coming from Battery Park?	What street will take me straight to Central Park by 4 pm coming from Battery Park ?	[IN:GET_DIRECTIONS What street will take me straight to [SL:DESTINATION [IN:GET_LOCATION [SL:POINT_ON_MAP Central Park ] ] ] [SL:DATE_TIME_ARRIVAL by 4 pm ] coming from [SL:SOURCE [IN:GET_LOCATION [SL:POINT_ON_MAP Battery Park ] ] ] ? ]
What's the best route to get to the Shady brook event today?	What 's the best route to get to the Shady brook event today ?	[IN:GET_DIRECTIONS What 's the best route to get to [SL:DESTINATION [IN:GET_EVENT the [SL:LOCATION Shady brook ] event [SL:DATE_TIME today ] ] ] ? ]
How do I take the long way to Canton, ms	How do I take the long way to Canton , ms	[IN:GET_DIRECTIONS How do I take the long way to [SL:DESTINATION Canton , ms ] ]
When is traffic lightest	When is traffic lightest	[IN:UNSUPPORTED_NAVIGATION When is traffic lightest ]
Tell me the direction to get to my doctors appointment if I take the free ways	Tell me the direction to get to my doctors appointment if I take the free ways	[IN:GET_DIRECTIONS Tell me the direction to get to [SL:DESTINATION [IN:GET_EVENT [SL:ORGANIZER_EVENT my ] [SL:CATEGORY_EVENT doctors appointment ] ] ] if I take [SL:PATH [IN:GET_LOCATION [SL:CATEGORY_LOCATION the free ways ] ] ] ]
What train can I take downtown	What train can I take downtown	[IN:GET_DIRECTIONS What [SL:METHOD_TRAVEL train ] can I take [SL:DESTINATION downtown ] ]
Should I take the freeway or surface streets home right now?	Should I take the freeway or surface streets home right now ?	[IN:UNSUPPORTED_NAVIGATION Should I take the freeway or surface streets home right now ? ]
Directions to Dick's Sporting Goods in Moore avoiding I-35	Directions to Dick 's Sporting Goods in Moore avoiding I - 35	[IN:GET_DIRECTIONS Directions to [SL:DESTINATION [IN:GET_LOCATION [SL:POINT_ON_MAP Dick 's Sporting Goods ] in [SL:LOCATION_MODIFIER Moore ] ] ] avoiding [SL:PATH_AVOID I - 35 ] ]
When is the worst traffic in San Antonio	When is the worst traffic in San Antonio	[IN:UNSUPPORTED_NAVIGATION When is the worst traffic in San Antonio ]
Directions to school	Directions to school	[IN:GET_DIRECTIONS Directions to [SL:DESTINATION [IN:GET_LOCATION_SCHOOL school ] ] ]
I want to know which way will take the shortest time to get to Shriner's in Oak Park, the tollway route 294 or route 41?	I want to know which way will take the shortest time to get to Shriner 's in Oak Park , the tollway route 294 or route 41 ?	[IN:UNSUPPORTED_NAVIGATION I want to know which way will take the shortest time to get to Shriner 's in Oak Park , the tollway route 294 or route 41 ? ]
How can I avoid traffic today	How can I avoid traffic today	[IN:GET_DIRECTIONS How can I avoid [SL:OBSTRUCTION_AVOID traffic ] [SL:DATE_TIME_DEPARTURE today ] ]
Will the downed wires be cleared in time for us to get to the basketball game tonight?	Will the downed wires be cleared in time for us to get to the basketball game tonight ?	[IN:UNSUPPORTED_NAVIGATION Will the downed wires be cleared in time for us to get to the basketball game tonight ? ]
How can I get to the theater by 5	How can I get to the theater by 5	[IN:GET_DIRECTIONS How can I get to [SL:DESTINATION [IN:GET_LOCATION [SL:CATEGORY_LOCATION the theater ] ] ] [SL:DATE_TIME_ARRIVAL by 5 ] ]
What major city has the worst traffic	What major city has the worst traffic	[IN:UNSUPPORTED_NAVIGATION What major city has the worst traffic ]
Give me the quickest route to work this morning	Give me the quickest route to work this morning	[IN:GET_DIRECTIONS Give me the quickest route to [SL:DESTINATION [IN:GET_LOCATION_WORK work ] ] [SL:DATE_TIME_DEPARTURE this morning ] ]
Is one lane closed on 422	Is one lane closed on 422	[IN:UNSUPPORTED_NAVIGATION Is one lane closed on 422 ]
Get me driving directions to the Mac & Cheese Festival in New Orleans	Get me driving directions to the Mac & Cheese Festival in New Orleans	[IN:GET_DIRECTIONS Get me [SL:METHOD_TRAVEL driving ] directions to [SL:DESTINATION [IN:GET_EVENT [SL:CATEGORY_EVENT the Mac & Cheese Festival ] in [SL:LOCATION New Orleans ] ] ] ]
How to go to the pyramids from airport?	How to go to the pyramids from airport ?	[IN:GET_DIRECTIONS How to go to [SL:DESTINATION the pyramids ] from [SL:SOURCE airport ] ? ]
Auntie Mamie is expecting me by 5, what form of public transportation should I take to get there quick?	Auntie Mamie is expecting me by 5 , what form of public transportation should I take to get there quick ?	[IN:GET_DIRECTIONS [SL:DESTINATION [IN:GET_LOCATION_HOME [SL:TYPE_RELATION Auntie ] [SL:CONTACT Mamie ] ] ] is expecting me [SL:DATE_TIME_ARRIVAL by 5 ] , what form of [SL:METHOD_TRAVEL public transportation ] should I take to get there quick ? ]
Will it take take longer to get to the high school by car or by bus?	Will it take take longer to get to the high school by car or by bus ?	[IN:UNSUPPORTED_NAVIGATION Will it take take longer to get to the high school by car or by bus ? ]
Do I have enough time to charge my phone in the car during my commute	Do I have enough time to charge my phone in the car during my commute	[IN:UNSUPPORTED_NAVIGATION Do I have enough time to charge my phone in the car during my commute ]
What is the slowest route to Bentonville Square from here?	What is the slowest route to Bentonville Square from here ?	[IN:UNSUPPORTED_NAVIGATION What is the slowest route to Bentonville Square from here ? ]
Give me a route to get to Griffin's house by 1pm.	Give me a route to get to Griffin 's house by 1 pm .	[IN:GET_DIRECTIONS Give me a route to get to [SL:DESTINATION [IN:GET_LOCATION_HOME [SL:CONTACT Griffin ] 's house ] ] [SL:DATE_TIME_ARRIVAL by 1 pm ] . ]
How may gallons of gas will it take to get to Phoenix from El Paso	How may gallons of gas will it take to get to Phoenix from El Paso	[IN:UNSUPPORTED_NAVIGATION How may gallons of gas will it take to get to Phoenix from El Paso ]
What are the details about the path to school	What are the details about the path to school	[IN:GET_DIRECTIONS What are the details about the path to [SL:DESTINATION [IN:GET_LOCATION_SCHOOL school ] ] ]
Should I walk to Borough Market or take a cab from here?	Should I walk to Borough Market or take a cab from here ?	[IN:UNSUPPORTED_NAVIGATION Should I walk to Borough Market or take a cab from here ? ]
Lamb's Canyon is closed, how do I get to Hemet from here?	Lamb 's Canyon is closed , how do I get to Hemet from here ?	[IN:GET_DIRECTIONS [SL:PATH_AVOID Lamb 's Canyon ] is closed , how do I get to [SL:DESTINATION Hemet ] from [SL:SOURCE [IN:GET_LOCATION [SL:LOCATION_USER here ] ] ] ? ]
Any  traffic lights out on my route	Any traffic lights out on my route	[IN:UNSUPPORTED_NAVIGATION Any traffic lights out on my route ]
When should I leave to beat traffic on the freeway?	When should I leave to beat traffic on the freeway ?	[IN:UNSUPPORTED_NAVIGATION When should I leave to beat traffic on the freeway ? ]
I want to go Norfolk Waterside District without using tolls	I want to go Norfolk Waterside District without using tolls	[IN:GET_DIRECTIONS I want to go [SL:DESTINATION Norfolk Waterside District ] without using [SL:PATH_AVOID [IN:GET_LOCATION [SL:CATEGORY_LOCATION tolls ] ] ] ]
How long will I be sitting at a standstill	How long will I be sitting at a standstill	[IN:UNSUPPORTED_NAVIGATION How long will I be sitting at a standstill ]
Cab you give me directions to Norwood Hospital from Warren Street in Rockland?	Cab you give me directions to Norwood Hospital from Warren Street in Rockland ?	[IN:GET_DIRECTIONS Cab you give me directions to [SL:DESTINATION [IN:GET_LOCATION [SL:POINT_ON_MAP Norwood Hospital ] ] ] from [SL:SOURCE [IN:GET_LOCATION [SL:LOCATION Warren Street ] in [SL:LOCATION_MODIFIER Rockland ] ] ] ? ]
What's the prettiest, scenic drive in America	What 's the prettiest , scenic drive in America	[IN:UNSUPPORTED_NAVIGATION What 's the prettiest , scenic drive in America ]
Is the canyon open	Is the canyon open	[IN:UNSUPPORTED_NAVIGATION Is the canyon open ]
Is there any road blocks nearby	Is there any road blocks nearby	[IN:UNSUPPORTED_NAVIGATION Is there any road blocks nearby ]
What is the fastest route to phoenix, az	What is the fastest route to phoenix , az	[IN:GET_DIRECTIONS What is the fastest route to [SL:DESTINATION phoenix , az ] ]
Are there any large pot holes on this road	Are there any large pot holes on this road	[IN:UNSUPPORTED_NAVIGATION Are there any large pot holes on this road ]
What time of day is the traffic lighter	What time of day is the traffic lighter	[IN:UNSUPPORTED_NAVIGATION What time of day is the traffic lighter ]
Is the traffic worse on the other side of town	Is the traffic worse on the other side of town	[IN:UNSUPPORTED_NAVIGATION Is the traffic worse on the other side of town ]
How can I bypass all the crowds at the Mardi Gras parade on Canal street and get to the nearest hospital?	How can I bypass all the crowds at the Mardi Gras parade on Canal street and get to the nearest hospital ?	[IN:GET_DIRECTIONS How can I bypass all [SL:OBSTRUCTION_AVOID the crowds ] at the Mardi Gras parade on Canal street and get to [SL:DESTINATION [IN:GET_LOCATION the [SL:LOCATION_MODIFIER nearest ] [SL:CATEGORY_LOCATION hospital ] ] ] ? ]
avoiding the flooding on park ave how do i get to walmart from my work	avoiding the flooding on park ave how do i get to walmart from my work	[IN:GET_DIRECTIONS avoiding [SL:ROAD_CONDITION_AVOID the flooding ] on park ave how do i get to [SL:DESTINATION [IN:GET_LOCATION [SL:POINT_ON_MAP walmart ] ] ] from [SL:SOURCE [IN:GET_LOCATION_WORK [SL:CONTACT my ] work ] ] ]
Is there a way to only take an hour to get to Las Vegas	Is there a way to only take an hour to get to Las Vegas	[IN:GET_ESTIMATED_DURATION Is there a way to only take an hour to get to [SL:DESTINATION Las Vegas ] ]
Free events at the Hawaii Convention Center	Free events at the Hawaii Convention Center	[IN:GET_EVENT [SL:ATTRIBUTE_EVENT Free ] events at [SL:LOCATION [IN:GET_LOCATION [SL:POINT_ON_MAP the Hawaii Convention Center ] ] ] ]
What is the driving distance between Vegas and Pahrump	What is the driving distance between Vegas and Pahrump	[IN:GET_DISTANCE What is the [SL:METHOD_TRAVEL driving ] distance between [SL:SOURCE Vegas ] and [SL:DESTINATION Pahrump ] ]
where can I go to hear live music	where can I go to hear live music	[IN:GET_EVENT where can I go to hear [SL:CATEGORY_EVENT live music ] ]
what to do this weekend	what to do this weekend	[IN:GET_EVENT what to do [SL:DATE_TIME this weekend ] ]
What time will I arrive at my mother's house if I leave right now?	What time will I arrive at my mother 's house if I leave right now ?	[IN:GET_ESTIMATED_ARRIVAL What time will I arrive at [SL:DESTINATION [IN:GET_LOCATION_HOME [SL:CONTACT_RELATED my ] [SL:TYPE_RELATION mother ] 's house ] ] if I leave [SL:DATE_TIME_DEPARTURE right now ] ? ]
how are the roads looking	how are the roads looking	[IN:GET_INFO_TRAFFIC how are the roads looking ]
Is the Seeing Red party at Legends on Saturday	Is the Seeing Red party at Legends on Saturday	[IN:GET_EVENT Is [SL:CATEGORY_EVENT the Seeing Red party ] at [SL:LOCATION [IN:GET_LOCATION [SL:POINT_ON_MAP Legends ] ] ] [SL:DATE_TIME on Saturday ] ]
How long will it take me to drive from my house to Waco?	How long will it take me to drive from my house to Waco ?	[IN:GET_ESTIMATED_DURATION How long will it take me to [SL:METHOD_TRAVEL drive ] from [SL:SOURCE [IN:GET_LOCATION_HOME [SL:CONTACT my ] house ] ] to [SL:DESTINATION Waco ] ? ]
Are there any detours on my trip from home to my brother's house if I leave at 2 pm?	Are there any detours on my trip from home to my brother 's house if I leave at 2 pm ?	[IN:GET_INFO_TRAFFIC Are there any detours on my trip from [SL:SOURCE [IN:GET_LOCATION_HOME home ] ] to [SL:DESTINATION [IN:GET_LOCATION_HOME [SL:CONTACT_RELATED my ] [SL:TYPE_RELATION brother ] 's house ] ] if I leave [SL:DATE_TIME at 2 pm ] ? ]
Where's a good place to catch a game tonight	Where 's a good place to catch a game tonight	[IN:GET_EVENT Where 's a good place to catch [SL:CATEGORY_EVENT a game ] [SL:DATE_TIME tonight ] ]
eta to target from phenom	eta to target from phenom	[IN:GET_ESTIMATED_ARRIVAL eta to [SL:DESTINATION [IN:GET_LOCATION [SL:POINT_ON_MAP target ] ] ] from [SL:SOURCE [IN:GET_LOCATION [SL:POINT_ON_MAP phenom ] ] ] ]
Is it flooding on Frogs Leap?	Is it flooding on Frogs Leap ?	[IN:GET_INFO_ROAD_CONDITION Is it [SL:ROAD_CONDITION flooding ] on [SL:LOCATION Frogs Leap ] ? ]
How far is Target from here?	How far is Target from here ?	[IN:GET_DISTANCE How far is [SL:DESTINATION [IN:GET_LOCATION [SL:POINT_ON_MAP Target ] ] ] from [SL:SOURCE [IN:GET_LOCATION [SL:LOCATION_USER here ] ] ] ? ]
Tell me things to do in Houston tonight	Tell me things to do in Houston tonight	[IN:GET_EVENT Tell me things to do in [SL:LOCATION Houston ] [SL:DATE_TIME tonight ] ]
is there traffic going to yankee stadium	is there traffic going to yankee stadium	[IN:GET_INFO_TRAFFIC is there traffic going to [SL:DESTINATION [IN:GET_LOCATION [SL:POINT_ON_MAP yankee stadium ] ] ] ]
Which restaurants are open near me on New Years Eve	Which restaurants are open near me on New Years Eve	[IN:UNSUPPORTED Which restaurants are open near me on New Years Eve ]
What events will be coming to the DIA weekends only in January	What events will be coming to the DIA weekends only in January	[IN:GET_EVENT What events will be coming to [SL:LOCATION [IN:GET_LOCATION [SL:POINT_ON_MAP the DIA ] ] ] [SL:DATE_TIME weekends only in January ] ]
When is ladies night at the Dirty Bourbon in Albuquerque	When is ladies night at the Dirty Bourbon in Albuquerque	[IN:GET_EVENT When is [SL:CATEGORY_EVENT ladies night ] at [SL:LOCATION [IN:GET_LOCATION [SL:POINT_ON_MAP the Dirty Bourbon ] in [SL:LOCATION_MODIFIER Albuquerque ] ] ] ]
How long will it take me to get from my house to Puerto Penasco Mexico while avoiding toll roads?	How long will it take me to get from my house to Puerto Penasco Mexico while avoiding toll roads ?	[IN:GET_ESTIMATED_DURATION How long will it take me to get from [SL:SOURCE [IN:GET_LOCATION_HOME [SL:CONTACT my ] house ] ] to [SL:DESTINATION Puerto Penasco Mexico ] while avoiding [SL:PATH_AVOID [IN:GET_LOCATION [SL:CATEGORY_LOCATION toll roads ] ] ] ? ]
How long will it take to get to Grand Canyon	How long will it take to get to Grand Canyon	[IN:GET_ESTIMATED_DURATION How long will it take to get to [SL:DESTINATION [IN:GET_LOCATION [SL:POINT_ON_MAP Grand Canyon ] ] ] ]
Things happening on Saturday	Things happening on Saturday	[IN:GET_EVENT Things happening [SL:DATE_TIME on Saturday ] ]
how far is it from boston to new york city	how far is it from boston to new york city	[IN:GET_DISTANCE how far is it from [SL:SOURCE boston ] to [SL:DESTINATION new york city ] ]
Is there any flooding on the Saw Mill tonight?	Is there any flooding on the Saw Mill tonight ?	[IN:GET_INFO_ROAD_CONDITION Is there any [SL:ROAD_CONDITION flooding ] on [SL:LOCATION the Saw Mill ] [SL:DATE_TIME tonight ] ? ]
What movies are playing at Century Theater tonight at 7:30	What movies are playing at Century Theater tonight at 7 : 30	[IN:GET_EVENT What [SL:CATEGORY_EVENT movies ] are [SL:CATEGORY_EVENT playing ] at [SL:LOCATION [IN:GET_LOCATION [SL:POINT_ON_MAP Century Theater ] ] ] [SL:DATE_TIME tonight at 7 : 30 ] ]
Musical performances in Austin	Musical performances in Austin	[IN:GET_EVENT [SL:CATEGORY_EVENT Musical performances ] in [SL:LOCATION Austin ] ]
How long will it take me to drive from my house to the Jazz festival?	How long will it take me to drive from my house to the Jazz festival ?	[IN:GET_ESTIMATED_DURATION How long will it take me to [SL:METHOD_TRAVEL drive ] from [SL:SOURCE [IN:GET_LOCATION_HOME [SL:CONTACT my ] house ] ] to [SL:DESTINATION [IN:GET_EVENT [SL:CATEGORY_EVENT the Jazz festival ] ] ] ? ]
when is the boat show	when is the boat show	[IN:GET_EVENT when is [SL:CATEGORY_EVENT the boat show ] ]
are there some punk bands having concerts this weekend in Georgia	are there some punk bands having concerts this weekend in Georgia	[IN:GET_EVENT are there some [SL:CATEGORY_EVENT punk bands ] having [SL:CATEGORY_EVENT concerts ] [SL:DATE_TIME this weekend ] in [SL:LOCATION Georgia ] ]
How can I get tickets to the Ballet at the Kennedy Center in Washington D.C	How can I get tickets to the Ballet at the Kennedy Center in Washington D.C	[IN:UNSUPPORTED_EVENT How can I get tickets to the Ballet at the Kennedy Center in Washington D.C ]
what events are happening next month	what events are happening next month	[IN:GET_EVENT what events are happening [SL:DATE_TIME next month ] ]
traffic to indianapolis today	traffic to indianapolis today	[IN:GET_INFO_TRAFFIC traffic to [SL:DESTINATION indianapolis ] [SL:DATE_TIME today ] ]
If I leave my friend Alex's house at 9:30 p.m., will I make it to my house by 10:00 p.m.?	If I leave my friend Alex 's house at 9 : 30 p.m . , will I make it to my house by 10 : 00 p.m . ?	[IN:GET_ESTIMATED_ARRIVAL If I leave [SL:SOURCE [IN:GET_LOCATION_HOME [SL:CONTACT_RELATED my ] [SL:TYPE_RELATION friend ] [SL:CONTACT Alex ] 's house ] ] [SL:DATE_TIME_DEPARTURE at 9 : 30 p.m . ] , will I make it to [SL:DESTINATION [IN:GET_LOCATION_HOME [SL:CONTACT my ] house ] ] [SL:DATE_TIME_ARRIVAL by 10 : 00 p.m . ] ? ]
Any dog-friendly events this afternoon	Any dog - friendly events this afternoon	[IN:GET_EVENT Any [SL:ATTRIBUTE_EVENT dog - friendly ] events [SL:DATE_TIME this afternoon ] ]
What road am I on	What road am I on	[IN:GET_LOCATION What road am I on ]
What will traffic be like coming home at 5:00 today	What will traffic be like coming home at 5 : 00 today	[IN:GET_INFO_TRAFFIC What will traffic be like coming [SL:DESTINATION [IN:GET_LOCATION_HOME home ] ] [SL:DATE_TIME at 5 : 00 today ] ]
what family events are happening in mississippi	what family events are happening in mississippi	[IN:GET_EVENT what [SL:ATTRIBUTE_EVENT family ] events are happening in [SL:LOCATION mississippi ] ]
How is the traffic in Gastonia	How is the traffic in Gastonia	[IN:GET_INFO_TRAFFIC How is the traffic in [SL:LOCATION Gastonia ] ]
Am I allowed to take food into the Folsom Field Fireworks Display and how much is admission	Am I allowed to take food into the Folsom Field Fireworks Display and how much is admission	[IN:UNSUPPORTED_EVENT Am I allowed to take food into the Folsom Field Fireworks Display and how much is admission ]
if i leave in 1 hour, will i arrive in Washington DC by 3pm	if i leave in 1 hour , will i arrive in Washington DC by 3 pm	[IN:GET_ESTIMATED_ARRIVAL if i leave [SL:DATE_TIME_DEPARTURE in 1 hour ] , will i arrive in [SL:DESTINATION Washington DC ] [SL:DATE_TIME_ARRIVAL by 3 pm ] ]
How much land do most own in Dracut	How much land do most own in Dracut	[IN:UNSUPPORTED How much land do most own in Dracut ]
if traffic heavy on I-35	if traffic heavy on I - 35	[IN:GET_INFO_TRAFFIC if traffic heavy on [SL:LOCATION I - 35 ] ]
can we go have some fun in atlantic city tonight	can we go have some fun in atlantic city tonight	[IN:GET_EVENT can we go have some fun in [SL:LOCATION atlantic city ] [SL:DATE_TIME tonight ] ]
When do I need to leave to make it to dad's house by 1:30?	When do I need to leave to make it to dad 's house by 1 : 30 ?	[IN:GET_ESTIMATED_DEPARTURE When do I need to leave to make it to [SL:DESTINATION [IN:GET_LOCATION_HOME [SL:TYPE_RELATION dad ] 's house ] ] [SL:DATE_TIME_ARRIVAL by 1 : 30 ] ? ]
Kids musicals tonight	Kids musicals tonight	[IN:GET_EVENT [SL:ATTRIBUTE_EVENT Kids ] [SL:CATEGORY_EVENT musicals ] [SL:DATE_TIME tonight ] ]
Are there any Food Festivals around here	Are there any Food Festivals around here	[IN:GET_EVENT Are there any [SL:CATEGORY_EVENT Food Festivals ] [SL:LOCATION [IN:GET_LOCATION [SL:SEARCH_RADIUS around ] [SL:LOCATION_USER here ] ] ] ]
What is the traffic usually like at noon	What is the traffic usually like at noon	[IN:GET_INFO_TRAFFIC What is the traffic usually like [SL:DATE_TIME at noon ] ]
traffic to Midway Airport	traffic to Midway Airport	[IN:GET_INFO_TRAFFIC traffic to [SL:DESTINATION [IN:GET_LOCATION [SL:POINT_ON_MAP Midway Airport ] ] ] ]
How many hours drive to Philadelphia	How many hours drive to Philadelphia	[IN:GET_ESTIMATED_DURATION How many hours [SL:METHOD_TRAVEL drive ] to [SL:DESTINATION Philadelphia ] ]
Any accidents on my route home	Any accidents on my route home	[IN:GET_INFO_TRAFFIC Any accidents on my route [SL:DESTINATION [IN:GET_LOCATION_HOME home ] ] ]
are there any accidents near me	are there any accidents near me	[IN:GET_INFO_TRAFFIC are there any accidents [SL:LOCATION [IN:GET_LOCATION [SL:SEARCH_RADIUS near ] [SL:LOCATION_USER me ] ] ] ]
Road closures near Youngstown	Road closures near Youngstown	[IN:GET_INFO_TRAFFIC Road closures [SL:LOCATION [IN:GET_LOCATION [SL:SEARCH_RADIUS near ] [SL:LOCATION Youngstown ] ] ] ]
concerts by garth brooks	concerts by garth brooks	[IN:GET_EVENT [SL:CATEGORY_EVENT concerts ] by [SL:NAME_EVENT garth brooks ] ]
Does the Detroit Zoo have any events this weekend	Does the Detroit Zoo have any events this weekend	[IN:GET_EVENT Does [SL:LOCATION [IN:GET_LOCATION [SL:POINT_ON_MAP the Detroit Zoo ] ] ] have any events [SL:DATE_TIME this weekend ] ]
If I fly into Orlando at 11am, how long does it take to Disney World once I leave the airport?	If I fly into Orlando at 11 am , how long does it take to Disney World once I leave the airport ?	[IN:GET_ESTIMATED_DURATION If I fly into Orlando [SL:DATE_TIME_DEPARTURE at 11 am ] , how long does it take to [SL:DESTINATION [IN:GET_LOCATION [SL:POINT_ON_MAP Disney World ] ] ] once I leave [SL:SOURCE [IN:GET_LOCATION [SL:CATEGORY_LOCATION the airport ] ] ] ? ]
any parades going on this weekend	any parades going on this weekend	[IN:GET_EVENT any [SL:CATEGORY_EVENT parades ] going on [SL:DATE_TIME this weekend ] ]
How many miles between Chicago and Rockford	How many miles between Chicago and Rockford	[IN:GET_DISTANCE How many [SL:UNIT_DISTANCE miles ] between [SL:SOURCE Chicago ] and [SL:DESTINATION Rockford ] ]
What's happening in Honolulu this weekend	What 's happening in Honolulu this weekend	[IN:GET_EVENT What 's happening in [SL:LOCATION Honolulu ] [SL:DATE_TIME this weekend ] ]
What's traffic like on the way to work	What 's traffic like on the way to work	[IN:GET_INFO_TRAFFIC What 's traffic like on the way to [SL:DESTINATION [IN:GET_LOCATION_WORK work ] ] ]
How is traffic on the way home	How is traffic on the way home	[IN:GET_INFO_TRAFFIC How is traffic on the way [SL:DESTINATION [IN:GET_LOCATION_HOME home ] ] ]
What is the traffic like driving from Bushnell to Orlando	What is the traffic like driving from Bushnell to Orlando	[IN:GET_INFO_TRAFFIC What is the traffic like [SL:METHOD_TRAVEL driving ] from [SL:SOURCE Bushnell ] to [SL:DESTINATION Orlando ] ]
Top glamping locations	Top glamping locations	[IN:UNSUPPORTED Top glamping locations ]
How long will it take me to get from here to Adventure Landing today without construction?	How long will it take me to get from here to Adventure Landing today without construction ?	[IN:GET_ESTIMATED_DURATION How long will it take me to get from [SL:SOURCE [IN:GET_LOCATION [SL:LOCATION_USER here ] ] ] to [SL:DESTINATION [IN:GET_LOCATION [SL:POINT_ON_MAP Adventure Landing ] ] ] [SL:DATE_TIME_DEPARTURE today ] without [SL:OBSTRUCTION_AVOID construction ] ? ]
What is the best time of day to leave Oceanside to head to Riverside	What is the best time of day to leave Oceanside to head to Riverside	[IN:GET_ESTIMATED_DEPARTURE What is the best time of day to leave [SL:SOURCE Oceanside ] to head to [SL:DESTINATION Riverside ] ]
any traffic on my way back home	any traffic on my way back home	[IN:GET_INFO_TRAFFIC any traffic on my way back [SL:DESTINATION [IN:GET_LOCATION_HOME home ] ] ]
What family events are happening this weekend	What family events are happening this weekend	[IN:GET_EVENT What [SL:ATTRIBUTE_EVENT family ] events are happening [SL:DATE_TIME this weekend ] ]
When should I leave for work to avoid traffic	When should I leave for work to avoid traffic	[IN:GET_ESTIMATED_DEPARTURE When should I leave for [SL:DESTINATION [IN:GET_LOCATION_WORK work ] ] to avoid [SL:OBSTRUCTION_AVOID traffic ] ]
which roads are closed near me	which roads are closed near me	[IN:GET_INFO_TRAFFIC which roads are closed [SL:LOCATION [IN:GET_LOCATION [SL:SEARCH_RADIUS near ] [SL:LOCATION_USER me ] ] ] ]
What is going on tonight outside of Macon	What is going on tonight outside of Macon	[IN:GET_EVENT What is going on [SL:DATE_TIME tonight ] [SL:LOCATION [IN:GET_LOCATION [SL:LOCATION_MODIFIER outside ] of [SL:LOCATION Macon ] ] ] ]
When does the Mardi Gras parade finally reach Bourbon St?	When does the Mardi Gras parade finally reach Bourbon St ?	[IN:UNSUPPORTED When does the Mardi Gras parade finally reach Bourbon St ? ]
How long will it take me to drive from work to Downtown Phoenix	How long will it take me to drive from work to Downtown Phoenix	[IN:GET_ESTIMATED_DURATION How long will it take me to [SL:METHOD_TRAVEL drive ] from [SL:SOURCE [IN:GET_LOCATION_WORK work ] ] to [SL:DESTINATION Downtown Phoenix ] ]
What events are coming up for kids	What events are coming up for kids	[IN:GET_EVENT What events are coming up for [SL:ATTRIBUTE_EVENT kids ] ]
christmas light events near me tonight	christmas light events near me tonight	[IN:GET_EVENT [SL:DATE_TIME christmas ] [SL:CATEGORY_EVENT light ] events [SL:LOCATION [IN:GET_LOCATION [SL:SEARCH_RADIUS near ] [SL:LOCATION_USER me ] ] ] [SL:DATE_TIME tonight ] ]
Any construction happening on my way to my meeting this afternoon?	Any construction happening on my way to my meeting this afternoon ?	[IN:GET_INFO_TRAFFIC Any construction happening on my way to [SL:DESTINATION [IN:GET_EVENT [SL:ORGANIZER_EVENT my ] [SL:CATEGORY_EVENT meeting ] [SL:DATE_TIME this afternoon ] ] ] ? ]
Has there been any car accidents on the highway today	Has there been any car accidents on the highway today	[IN:GET_INFO_TRAFFIC Has there been any car accidents on [SL:LOCATION [IN:GET_LOCATION [SL:CATEGORY_LOCATION the highway ] ] ] [SL:DATE_TIME today ] ]
What is the distance between Santa Fe and Albuquerque	What is the distance between Santa Fe and Albuquerque	[IN:GET_DISTANCE What is the distance between [SL:SOURCE Santa Fe ] and [SL:DESTINATION Albuquerque ] ]
Where is the Christmas market	Where is the Christmas market	[IN:GET_EVENT Where is the [SL:DATE_TIME Christmas ] [SL:CATEGORY_EVENT market ] ]
Where is the next rest stop	Where is the next rest stop	[IN:GET_LOCATION Where is the [SL:LOCATION_MODIFIER next ] [SL:CATEGORY_LOCATION rest stop ] ]
How long will it take me to drive to Vegas	How long will it take me to drive to Vegas	[IN:GET_ESTIMATED_DURATION How long will it take me to [SL:METHOD_TRAVEL drive ] to [SL:DESTINATION Vegas ] ]
Why is there traffic on La Cienega	Why is there traffic on La Cienega	[IN:GET_INFO_TRAFFIC Why is there traffic on [SL:LOCATION La Cienega ] ]
Country music concerts this weekend in Tampa	Country music concerts this weekend in Tampa	[IN:GET_EVENT [SL:CATEGORY_EVENT Country music concerts ] [SL:DATE_TIME this weekend ] in [SL:LOCATION Tampa ] ]
how long does it take to go to my house from here?	how long does it take to go to my house from here ?	[IN:GET_ESTIMATED_DURATION how long does it take to go to [SL:DESTINATION [IN:GET_LOCATION_HOME [SL:CONTACT my ] house ] ] from [SL:SOURCE [IN:GET_LOCATION [SL:LOCATION_USER here ] ] ] ? ]
If I leave right now, what time would i arrive in Durham if I took I-40?	If I leave right now , what time would i arrive in Durham if I took I - 40 ?	[IN:GET_ESTIMATED_ARRIVAL If I leave [SL:DATE_TIME_DEPARTURE right now ] , what time would i arrive in [SL:DESTINATION Durham ] if I took [SL:PATH I - 40 ] ? ]
events in concord	events in concord	[IN:GET_EVENT events in [SL:LOCATION concord ] ]
What is happening this weekend	What is happening this weekend	[IN:GET_EVENT What is happening [SL:DATE_TIME this weekend ] ]
pick your own Christmas tree near Park Ridge IL	pick your own Christmas tree near Park Ridge IL	[IN:UNSUPPORTED pick your own Christmas tree near Park Ridge IL ]
any slow traffic	any slow traffic	[IN:GET_INFO_TRAFFIC any slow traffic ]
Is there any traffic on I-76 right now? I need to drive into the city	Is there any traffic on I - 76 right now ? I need to drive into the city	[IN:GET_INFO_TRAFFIC Is there any traffic on [SL:LOCATION I - 76 ] [SL:DATE_TIME right now ] ? I need to [SL:METHOD_TRAVEL drive ] into [SL:DESTINATION [IN:GET_LOCATION [SL:CATEGORY_LOCATION the city ] ] ] ]
what time do i need to leave work to make it my sons baseball game ontime	what time do i need to leave work to make it my sons baseball game ontime	[IN:GET_ESTIMATED_DEPARTURE what time do i need to leave [SL:SOURCE [IN:GET_LOCATION_WORK work ] ] to make it [SL:DESTINATION [IN:GET_EVENT [SL:ORGANIZER_EVENT [IN:GET_CONTACT [SL:CONTACT_RELATED my ] [SL:TYPE_RELATION sons ] ] ] [SL:CATEGORY_EVENT baseball game ] ] ] ontime ]
Is there any construction on Hwy 18 between Salem and Grande Ronde?	Is there any construction on Hwy 18 between Salem and Grande Ronde ?	[IN:GET_INFO_TRAFFIC Is there any construction on [SL:PATH Hwy 18 ] between [SL:SOURCE Salem ] and [SL:DESTINATION Grande Ronde ] ? ]
Is Woodward backed up	Is Woodward backed up	[IN:GET_INFO_TRAFFIC Is [SL:LOCATION Woodward ] backed up ]
I'm leaving for Fenway right now, when should I get there?	I'm leaving for Fenway right now , when should I get there ?	[IN:GET_ESTIMATED_ARRIVAL I'm leaving for [SL:DESTINATION [IN:GET_LOCATION [SL:POINT_ON_MAP Fenway ] ] ] [SL:DATE_TIME_DEPARTURE right now ] , when should I get there ? ]
Is traffic heavy in Colorado	Is traffic heavy in Colorado	[IN:GET_INFO_TRAFFIC Is traffic heavy in [SL:LOCATION Colorado ] ]
how many traffic accidents this morning	how many traffic accidents this morning	[IN:GET_INFO_TRAFFIC how many traffic accidents [SL:DATE_TIME this morning ] ]
Music events in Chicago in March, 2018	Music events in Chicago in March , 2018	[IN:GET_EVENT [SL:CATEGORY_EVENT Music events ] in [SL:LOCATION Chicago ] [SL:DATE_TIME in March , 2018 ] ]
How long will it take me to drive from my house to Portland if I leave in 10 minutes?	How long will it take me to drive from my house to Portland if I leave in 10 minutes ?	[IN:GET_ESTIMATED_DURATION How long will it take me to [SL:METHOD_TRAVEL drive ] from [SL:SOURCE [IN:GET_LOCATION_HOME [SL:CONTACT my ] house ] ] to [SL:DESTINATION Portland ] if I leave [SL:DATE_TIME_DEPARTURE in 10 minutes ] ? ]
wine tasting this weekend in traverse city	wine tasting this weekend in traverse city	[IN:GET_EVENT [SL:CATEGORY_EVENT wine tasting ] [SL:DATE_TIME this weekend ] in [SL:LOCATION traverse city ] ]
Where's the traffic jams	Where 's the traffic jams	[IN:GET_INFO_TRAFFIC Where 's the traffic jams ]
Cheap events near me	Cheap events near me	[IN:GET_EVENT [SL:ATTRIBUTE_EVENT Cheap ] events [SL:LOCATION [IN:GET_LOCATION [SL:SEARCH_RADIUS near ] [SL:LOCATION_USER me ] ] ] ]
How's traffic moving this morning	How 's traffic moving this morning	[IN:GET_INFO_TRAFFIC How 's traffic moving [SL:DATE_TIME this morning ] ]
